<?xml version="1.0" encoding="UTF-8"?>
<project-private xmlns="http://www.netbeans.org/ns/project-private/1">
    <editor-bookmarks xmlns="http://www.netbeans.org/ns/editor-bookmarks/2" lastBookmarkId="0"/>
    <open-files xmlns="http://www.netbeans.org/ns/projectui-open-files/2">
        <group>
            <file>file:/C:/Users/jeont/OneDrive/Documentos/NetBeansProjects/alunos/src/br/com/ufrr/app/controller/Main.java</file>
            <file>file:/C:/Users/jeont/OneDrive/Documentos/NetBeansProjects/alunos/src/br/com/ufrr/app/model/Aluno.java</file>
            <file>file:/C:/Users/jeont/OneDrive/Documentos/NetBeansProjects/alunos/src/br/com/ufrr/app/view/TelaAluno.java</file>
            <file>file:/C:/Users/jeont/OneDrive/Documentos/NetBeansProjects/alunos/src/br/com/ufrr/app/controller/AlunoController.java</file>
            <file>file:/C:/Users/jeont/OneDrive/Documentos/NetBeansProjects/alunos/src/br/com/ufrr/app/model/AlunoDAO.java</file>
            <file>file:/C:/Users/jeont/OneDrive/Documentos/NetBeansProjects/alunos/src/br/com/ufrr/app/model/BancoDeDados.java</file>
        </group>
    </open-files>
</project-private>
